{
  "model": "Qwen/Qwen3-8B",
  "group": 32,
  "R_tern": {
    "mean": 1.1514279375384961,
    "median": 0.9950626194477081,
    "frac_lt1": 0.5079365079365079,
    "n": 252
  },
  "R_single": {
    "mean": 1.4168421643239164,
    "median": 1.0233572125434875,
    "frac_lt1": 0.4642857142857143,
    "n": 252
  },
  "nrmse_tern_mean": 0.16410395662699426
}