{
  "model": "Qwen/Qwen3-0.6B",
  "group": 32,
  "R_tern": {
    "mean": 0.8272745901224564,
    "median": 0.8476932346820831,
    "frac_lt1": 0.9387755102040817,
    "n": 196
  },
  "R_single": {
    "mean": 0.7903248252613204,
    "median": 0.8060613870620728,
    "frac_lt1": 0.9387755102040817,
    "n": 196
  },
  "nrmse_tern_mean": 0.16303207193102157
}