{
  "model": "Qwen/Qwen3-32B",
  "group": 32,
  "R_tern": {
    "mean": 1.1457053315742607,
    "median": 1.0402948260307312,
    "frac_lt1": 0.3325892857142857,
    "n": 448
  },
  "R_single": {
    "mean": 1.3810006865034146,
    "median": 1.0599077939987183,
    "frac_lt1": 0.2924107142857143,
    "n": 448
  },
  "nrmse_tern_mean": 0.1634949391840824
}