{
  "model": "Qwen/Qwen3-1.7B",
  "group": 32,
  "R_tern": {
    "mean": 0.9347042363821244,
    "median": 0.9354759156703949,
    "frac_lt1": 0.7704081632653061,
    "n": 196
  },
  "R_single": {
    "mean": 0.9070956665946512,
    "median": 0.9027232229709625,
    "frac_lt1": 0.7755102040816326,
    "n": 196
  },
  "nrmse_tern_mean": 0.16459597441918997
}