{
  "model": "Qwen/Qwen3-4B",
  "group": 32,
  "R_tern": {
    "mean": 0.9997924502258972,
    "median": 0.958569198846817,
    "frac_lt1": 0.6031746031746031,
    "n": 252
  },
  "R_single": {
    "mean": 1.1302073120124756,
    "median": 0.956278920173645,
    "frac_lt1": 0.6031746031746031,
    "n": 252
  },
  "nrmse_tern_mean": 0.1624010642842641
}