{
  "model": "Qwen/Qwen3-14B",
  "group": 32,
  "R_tern": {
    "mean": 1.1183809216932528,
    "median": 1.016009271144867,
    "frac_lt1": 0.48214285714285715,
    "n": 280
  },
  "R_single": {
    "mean": 1.3220021958862032,
    "median": 1.0423981547355652,
    "frac_lt1": 0.4142857142857143,
    "n": 280
  },
  "nrmse_tern_mean": 0.16382739182029452
}