{
  "model": "allenai/OLMo-2-1124-7B",
  "bench": "ppl",
  "n": 40,
  "results": {
    "fp": 7.301544765645491,
    "single": 9082.116144465625,
    "joint2": 9.165346500449251
  }
}