{
  "model": "allenai/OLMo-2-0425-1B",
  "bench": "ppl",
  "n": 40,
  "results": {
    "fp": 10.767824774812972,
    "single": 47142.84373602689,
    "joint2": 16.36774287368229
  }
}