{
  "model": "EleutherAI/pythia-1.4b",
  "bench": "ppl",
  "n": 40,
  "results": {
    "fp": 13.923718460273816,
    "single": 6876.998010347775,
    "joint2": 20.602050815688813
  }
}