{
  "model": "EleutherAI/pythia-2.8b",
  "bench": "ppl",
  "n": 40,
  "results": {
    "fp": 12.111320878668954,
    "single": 6665.415025056756,
    "joint2": 17.822625577605482
  }
}