{
  "meta": {
    "scale": "2.4B",
    "ckpt_tokens": [
      0.0,
      16000000.0
    ],
    "lr": 0.0002,
    "kd_alpha": 0.5,
    "batch": 4,
    "seq": 512
  },
  "ref": {
    "fp": {
      "arc_easy": 0.5333333333333333,
      "hellaswag": 0.5733333333333334
    },
    "trilm": {
      "arc_easy": 0.52,
      "hellaswag": 0.58
    }
  },
  "curve": [
    {
      "tokens": 0,
      "acc": {
        "arc_easy": 0.26,
        "hellaswag": 0.24
      }
    },
    {
      "tokens": 16001024,
      "acc": {
        "arc_easy": 0.3333333333333333,
        "hellaswag": 0.36666666666666664
      }
    }
  ],
  "headline": {
    "arc_easy": {
      "fp": 0.5333333333333333,
      "ptq": 0.26,
      "trilm": 0.52,
      "chance": 0.25,
      "curve": [
        {
          "tokens": 0,
          "acc": 0.26,
          "gap_recovered": 0.0
        },
        {
          "tokens": 16001024,
          "acc": 0.3333333333333333,
          "gap_recovered": 0.2682926829268292
        }
      ]
    },
    "hellaswag": {
      "fp": 0.5733333333333334,
      "ptq": 0.24,
      "trilm": 0.58,
      "chance": 0.25,
      "curve": [
        {
          "tokens": 0,
          "acc": 0.24,
          "gap_recovered": 0.0
        },
        {
          "tokens": 16001024,
          "acc": 0.36666666666666664,
          "gap_recovered": 0.3799999999999999
        }
      ]
    }
  }
}