{
  "meta": {
    "scales": [
      "1.5B"
    ],
    "tasks": [
      "arc_easy",
      "hellaswag",
      "openbookqa"
    ],
    "n": 60
  },
  "scales": {
    "1.5B": {
      "fp": {
        "arc_easy": 0.6,
        "hellaswag": 0.5166666666666667,
        "openbookqa": 0.3
      },
      "tern_attn_bruto": {
        "arc_easy": 0.13333333333333333,
        "hellaswag": 0.16666666666666666,
        "openbookqa": 0.3
      },
      "tern_attn_recalib": {
        "arc_easy": 0.26666666666666666,
        "hellaswag": 0.18333333333333332,
        "openbookqa": 0.3333333333333333
      },
      "tern_mlp_bruto": {
        "arc_easy": 0.2833333333333333,
        "hellaswag": 0.2,
        "openbookqa": 0.23333333333333334
      },
      "tern_mlp_recalib": {
        "arc_easy": 0.25,
        "hellaswag": 0.45,
        "openbookqa": 0.2833333333333333
      }
    }
  }
}