{
  "config": {
    "model": "microsoft/bitnet-b1.58-2B-4T-bf16",
    "n_layers": 30,
    "n_nodes": 61,
    "families": {
      "ioi": 10,
      "antonym": 16
    },
    "position_sets": [
      "content",
      "end",
      "all"
    ]
  },
  "families": {
    "ioi": {
      "effect": {
        "content": {
          "emb": 1.0,
          "a0": -0.0016465439923117977,
          "m0": 1.0030537788709888,
          "a1": -7.94176401688512e-05,
          "m1": -0.005591278186058409,
          "a2": 0.013684269128044897,
          "m2": 0.006730481005126983,
          "a3": -0.013806900065849231,
          "m3": 0.003545631758595113,
          "a4": -0.00109416894058499,
          "m4": -0.015823514484793348,
          "a5": 0.0043117650476480135,
          "m5": -0.00058675761528196,
          "a6": 0.004230981149688797,
          "m6": -0.01490733778568632,
          "a7": 0.0165041494329182,
          "m7": -0.003821014376801554,
          "a8": -0.007186056411762334,
          "m8": -0.004357087289053614,
          "a9": -0.0018230870161855285,
          "m9": 0.001682488113961272,
          "a10": 0.009062389211288161,
          "m10": 0.001521893209588163,
          "a11": -0.008874693069610737,
          "m11": -0.0008969911028277582,
          "a12": 0.0011413266471133876,
          "m12": 0.00700585607116218,
          "a13": -0.00087897080495371,
          "m13": -0.021171486466178075,
          "a14": 0.008708989441653353,
          "m14": 0.035694026730614364,
          "a15": -0.0038564383886974182,
          "m15": 0.04675990759624213,
          "a16": 0.0026104646126935533,
          "m16": 0.03366042765853443,
          "a17": -0.0017986692905652218,
          "m17": 0.05963919956993393,
          "a18": 0.002347542597082826,
          "m18": 0.14373934439696728,
          "a19": 0.02243761972292675,
          "m19": 0.03954720333993168,
          "a20": 0.0008838222806133753,
          "m20": 0.08257669673534482,
          "a21": 0.003960551201402384,
          "m21": 0.027205317287242153,
          "a22": 0.002418666117367939,
          "m22": -0.007920600005338906,
          "a23": 0.005255654776717146,
          "m23": 0.018622606706778195,
          "a24": -0.0013916675248476398,
          "m24": -0.00722350005731435,
          "a25": 0.003932937371255679,
          "m25": -0.00547084288709271,
          "a26": 0.0,
          "m26": 0.003467679620714944,
          "a27": 0.001514613872676259,
          "m27": -0.0007622211162862132,
          "a28": -0.0009046052631578947,
          "m28": -0.0008532801418439717,
          "a29": 0.0,
          "m29": 0.0
        },
        "end": {
          "emb": 0.0,
          "a0": 0.008060644614357801,
          "m0": 0.005804745505101882,
          "a1": 0.005203215867607604,
          "m1": 0.0009785932194830353,
          "a2": 0.0009555560012960774,
          "m2": 0.006057988304882371,
          "a3": 0.004190368860929,
          "m3": 0.004754044849907398,
          "a4": 0.004068831068307572,
          "m4": 0.010829641539914319,
          "a5": -0.0029162770537906418,
          "m5": -0.002126922819528559,
          "a6": 0.005241946283742487,
          "m6": 0.010198008473437232,
          "a7": -0.0023937514305447474,
          "m7": 0.005463918881777747,
          "a8": 0.006192497653566352,
          "m8": -0.0002470884560136041,
          "a9": 0.009720425005622072,
          "m9": 0.002944463240236294,
          "a10": 0.00261958776441244,
          "m10": 0.00617506015283958,
          "a11": 0.006492233149827399,
          "m11": 0.008063317481470217,
          "a12": 0.0024480713119608257,
          "m12": 0.002347707948802288,
          "a13": 0.0036365407154905867,
          "m13": 0.005549167629289401,
          "a14": -0.0016414704158188153,
          "m14": 0.0012093009965791564,
          "a15": 0.04016739035571544,
          "m15": 0.001979909502695118,
          "a16": 0.03800831697724212,
          "m16": 0.008142199132913506,
          "a17": 0.017506119807167635,
          "m17": 0.010165115811310577,
          "a18": -0.013097933585957311,
          "m18": 0.04644489907014976,
          "a19": 0.09193312835837769,
          "m19": 0.002553962509076157,
          "a20": 0.025734383657801015,
          "m20": 0.008476480529060136,
          "a21": 0.09134884348089287,
          "m21": 0.009959021006393008,
          "a22": 0.3631746587710813,
          "m22": 0.008137433931291793,
          "a23": 0.0959798114704583,
          "m23": 0.010984627330070494,
          "a24": 0.13586104869768137,
          "m24": 0.003128688484748793,
          "a25": 0.012554626967947602,
          "m25": -0.020549019411647412,
          "a26": -0.07807916994298483,
          "m26": -0.008854876434971664,
          "a27": 0.055486585759822335,
          "m27": -0.06195992791381796,
          "a28": 0.008980070570915768,
          "m28": -0.13943134667097173,
          "a29": -0.0005076046377103777,
          "m29": -0.11089084238583169
        },
        "all": {
          "emb": 1.0,
          "a0": 0.0032168766078642394,
          "m0": 1.000680021968441,
          "a1": -0.0034749569954730082,
          "m1": -0.01374860295460483,
          "a2": 0.009733297861092184,
          "m2": 0.006267933881167491,
          "a3": -0.0012352436493619598,
          "m3": 0.001919653310692731,
          "a4": 0.0013645589579988709,
          "m4": -0.00990118974738754,
          "a5": 0.013852531963227147,
          "m5": -0.0008519855968406904,
          "a6": 0.004328160487736844,
          "m6": -0.00523879578737768,
          "a7": 0.014608870345576808,
          "m7": -0.00736022192170767,
          "a8": 0.006601340505699722,
          "m8": -0.0059241975348519205,
          "a9": 0.004203809029191223,
          "m9": 0.008306211481263133,
          "a10": 0.005466608694273916,
          "m10": 0.0059569804850481325,
          "a11": -0.010674480971275591,
          "m11": 0.005730989735810859,
          "a12": -0.0024326546005287455,
          "m12": 0.006459594854871948,
          "a13": -0.0023799536457928426,
          "m13": -0.019756847500829886,
          "a14": 0.0031213805972332654,
          "m14": 0.04669582862476677,
          "a15": 0.06347570228599378,
          "m15": 0.04715599422500551,
          "a16": 0.051608734698812865,
          "m16": 0.043277926279573546,
          "a17": 0.022709628187451626,
          "m17": 0.07237502890621521,
          "a18": -0.01712620947610216,
          "m18": 0.18545647487010733,
          "a19": 0.131931758993118,
          "m19": 0.04569745665515187,
          "a20": 0.02808178929487306,
          "m20": 0.09340572257483368,
          "a21": 0.09612642324171462,
          "m21": 0.03381029111009429,
          "a22": 0.38993109508141904,
          "m22": -0.0006622123506777225,
          "a23": 0.10225868416829047,
          "m23": 0.02796297341436637,
          "a24": 0.13859038809804242,
          "m24": -0.007322502410458455,
          "a25": 0.017253365240944427,
          "m25": -0.0319542605548258,
          "a26": -0.08039486273503921,
          "m26": -0.006215989821915004,
          "a27": 0.05601448141637487,
          "m27": -0.0595049499186624,
          "a28": 0.008509253283037364,
          "m28": -0.13800547062820495,
          "a29": -0.0005076046377103777,
          "m29": -0.11089084238583169
        }
      },
      "early_detok": {
        "emb": {
          "content": 1.0,
          "end": 0.0,
          "all": 1.0
        },
        "m0": {
          "content": 1.0030537788709888,
          "end": 0.005804745505101882,
          "all": 1.000680021968441
        }
      },
      "top_end_nodes": [
        {
          "node": "a22",
          "end": 0.3631746587710813,
          "content": 0.002418666117367939,
          "all": 0.38993109508141904
        },
        {
          "node": "a24",
          "end": 0.13586104869768137,
          "content": -0.0013916675248476398,