{
  "config": {
    "model": "microsoft/bitnet-b1.58-2B-4T-bf16",
    "n_layers": 30,
    "n_pairs_ioi": 83,
    "reference": "eap_ig_2b.json",
    "ref_n_layers": 30,
    "ref_n_pairs": 20
  },
  "node_spearman_ioi_vs_ref": 0.3928313420394555,
  "layer_spearman_ioi_vs_ref": 0.7454949944382647,
  "n_nodes_compared": 60,
  "ioi_exact_effect_mean": {
    "emb": 1.0,
    "a0": -0.010025002229252658,
    "m0": 0.9996273848036611,
    "a1": -0.008612092541817324,
    "m1": -0.007930634898834034,
    "a2": 0.009315878221774805,
    "m2": 0.0016686534965718294,
    "a3": -0.006441160234098781,
    "m3": 0.0008195640252213886,
    "a4": -0.008536182199000602,
    "m4": -0.008877909633626679,
    "a5": -0.0024439262683657323,
    "m5": -0.0031516169121591124,
    "a6": 0.009156359459040418,
    "m6": -0.006717506053173121,
    "a7": 0.004476396381506128,
    "m7": -0.005314617804690272,
    "a8": -0.002402801825383558,
    "m8": -0.005057831396849929,
    "a9": -0.0003799742391050858,
    "m9": 0.018959503747069888,
    "a10": 0.0020156068561647407,
    "m10": -0.004682945723623492,
    "a11": -0.005943757054704844,
    "m11": 0.0031205592292927373,
    "a12": -0.005493128912785033,
    "m12": -0.0002564910901583059,
    "a13": -0.005502189631383167,
    "m13": -0.015625909090892173,
    "a14": 0.0010421075469235841,
    "m14": 0.05044544022690099,
    "a15": 0.032179661271828607,
    "m15": 0.04737101808669356,
    "a16": 0.03778802918273849,
    "m16": 0.04815212942428749,
    "a17": 0.006490116710071916,
    "m17": 0.07222875537135351,
    "a18": -0.030360187998614552,
    "m18": 0.188891926316869,
    "a19": 0.12482204002360477,
    "m19": 0.05879994559061475,
    "a20": 0.03283757991671791,
    "m20": 0.09719676739490117,
    "a21": 0.09376156223355343,
    "m21": 0.03732536961173536,
    "a22": 0.4282782209981414,
    "m22": -0.00727437550126345,
    "a23": 0.07183526127295045,
    "m23": 0.04412484082206095,
    "a24": 0.13954130677865617,
    "m24": -0.01622637679303447,
    "a25": 0.01838499157619411,
    "m25": -0.0354628255358806,
    "a26": -0.05492741685599613,
    "m26": 0.0004936465975399824,
    "a27": 0.015567534906964983,
    "m27": -0.042711014740717215,
    "a28": 0.005583431022604027,
    "m28": -0.09858961839636189,
    "a29": -0.00021202417128935117,
    "m29": -0.09190293611076404
  },
  "ioi_layer_importance": [
    1.0096523870329137,
    0.016542727440651356,
    0.010984531718346634,
    0.007260724259320169,
    0.01741409183262728,
    0.005595543180524845,
    0.01587386551221354,
    0.0097910141861964,
    0.007460633222233487,
    0.019339477986174972,
    0.006698552579788233,
    0.009064316283997582,
    0.005749620002943339,
    0.02112809872227534,
    0.051487547773824575,
    0.07955067935852217,
    0.08594015860702597,
    0.07871887208142543,
    0.21925211431548355,
    0.18362198561421952,
    0.1300343473116191,
    0.1310869318452888,
    0.43555259649940486,
    0.1159601020950114,
    0.15576768357169063,
    0.05384781711207471,
    0.05542106345353611,
    0.0582785496476822,
    0.10417304941896592,
    0.09211496028205339
  ],
  "ioi_top_layers": [
    0,
    22,
    18,
    19,
    24,
    21,
    20,
    23
  ],
  "ref_top_layers": [
    0,
    19,
    21,
    18,
    29,
    16,
    23,
    15
  ],
  "wall_s": 807.7427899837494
}