{
  "config": {
    "model": "microsoft/bitnet-b1.58-2B-4T-bf16",
    "n_layers": 30,
    "n_query_heads": 20,
    "head_dim": 128,
    "coupling_residual_L22": 0.0356273278594017,
    "position": "end",
    "families": {
      "ioi": 10,
      "antonym": 16
    },
    "causal_heads": {
      "ioi": [
        [
          22,
          17
        ],
        [
          22,
          19
        ],
        [
          27,
          13
        ]
      ],
      "antonym": [
        [
          19,
          12
        ],
        [
          19,
          6
        ],
        [
          27,
          11
        ]
      ]
    }
  },
  "families": {
    "ioi": {
      "n_pairs": 10,
      "heads": {
        "L22H17": {
          "dla": {
            "io": -0.23430617898702621,
            "s": -1.5844772338867188
          },
          "dla_sem": {
            "io": 0.03693966392032463,
            "s": 0.053444138362678285
          },
          "d_logit_meanabl": {
            "io": 0.125,
            "s": 1.40625
          },
          "d_logit_meanabl_sem": {
            "io": 0.043301270189221926,
            "s": 0.058796524131958676
          }
        },
        "L22H19": {
          "dla": {
            "io": 1.237633502483368,
            "s": 0.2679344013333321
          },
          "dla_sem": {
            "io": 0.033051754739000225,
            "s": 0.03161224494212903
          },
          "d_logit_meanabl": {
            "io": -0.28125,
            "s": 0.0125
          },
          "d_logit_meanabl_sem": {
            "io": 0.05247767382420832,
            "s": 0.06361505324999736
          }
        },
        "L27H13": {
          "dla": {
            "io": 1.1701807916164397,
            "s": 0.4394646495580673
          },
          "dla_sem": {
            "io": 0.05795919475272227,
            "s": 0.03973611515427117
          },
          "d_logit_meanabl": {
            "io": -0.35625,
            "s": -0.19375
          },
          "d_logit_meanabl_sem": {
            "io": 0.05731628259055187,
            "s": 0.03118743737468662
          }
        }
      }
    },
    "antonym": {
      "n_pairs": 16,
      "heads": {
        "L19H12": {
          "dla": {
            "cue": -0.23223561700433493,
            "ans": 0.7199420081451535
          },
          "dla_sem": {
            "cue": 0.037566751696606095,
            "ans": 0.0973050813998329
          },
          "d_logit_meanabl": {
            "cue": 1.2734375,
            "ans": -0.109375
          },
          "d_logit_meanabl_sem": {
            "cue": 0.16038236705482736,
            "ans": 0.09997253040679474
          }
        },
        "L19H6": {
          "dla": {
            "cue": -0.3247742790263146,
            "ans": 0.5264705130830407
          },
          "dla_sem": {
            "cue": 0.05620864799590032,
            "ans": 0.1066530849753962
          },
          "d_logit_meanabl": {
            "cue": 0.67578125,
            "ans": 0.0078125
          },
          "d_logit_meanabl_sem": {
            "cue": 0.15558635921358865,
            "ans": 0.06510091137694905
          }
        },
        "L27H11": {
          "dla": {
            "cue": -1.074261384550482,
            "ans": -0.15077069937251508
          },
          "dla_sem": {
            "cue": 0.24515586019644472,
            "ans": 0.06370620868982596
          },
          "d_logit_meanabl": {
            "cue": 0.65234375,
            "ans": 0.02734375
          },
          "d_logit_meanabl_sem": {
            "cue": 0.12978732392141998,
            "ans": 0.03905029106080509
          }
        }
      }
    }
  },
  "wall_s": 70.62847828865051
}