{
  "model": "microsoft/bitnet-b1.58-2B-4T-bf16",
  "rank": 8,
  "alpha": 16,
  "seed": 0,
  "extra_frac_per_layer": {
    "attn": 0.0019162735849056604,
    "mlp": 0.0032724056603773586
  },
  "budgets": [
    1,
    2,
    3,
    5,
    8
  ],
  "base_test_ppl": 29.918604313769762,
  "base_test_loss": 3.3984805047512054,
  "n_test_seqs": 64,
  "per_layer_recoverability": {
    "0": {
      "attn": {
        "test_ppl": 25.62060417217113,
        "recovered_dloss": 0.15508362650871277
      },
      "mlp": {
        "test_ppl": 24.488307420329495,
        "recovered_dloss": 0.20028474926948547
      }
    },
    "1": {
      "attn": {
        "test_ppl": 24.905566873369015,
        "recovered_dloss": 0.18338915705680847
      },
      "mlp": {
        "test_ppl": 23.351116042031666,
        "recovered_dloss": 0.24783572554588318
      }
    },
    "2": {
      "attn": {
        "test_ppl": 24.367898483608954,
        "recovered_dloss": 0.20521387457847595
      },
      "mlp": {
        "test_ppl": 23.326505719333674,
        "recovered_dloss": 0.2488902062177658
      }
    },
    "3": {
      "attn": {
        "test_ppl": 24.70318842142789,
        "recovered_dloss": 0.1915481835603714
      },
      "mlp": {
        "test_ppl": 23.31563453213056,
        "recovered_dloss": 0.24935635924339294
      }
    },
    "4": {
      "attn": {
        "test_ppl": 24.398087250513733,
        "recovered_dloss": 0.20397576689720154
      },
      "mlp": {
        "test_ppl": 23.717099519007114,
        "recovered_dloss": 0.23228421807289124
      }
    },
    "5": {
      "attn": {
        "test_ppl": 24.4870182476686,
        "recovered_dloss": 0.20033739507198334
      },
      "mlp": {
        "test_ppl": 23.740219352055778,
        "recovered_dloss": 0.23130987584590912
      }
    },
    "6": {
      "attn": {
        "test_ppl": 24.82127478871169,
        "recovered_dloss": 0.18677936494350433
      },
      "mlp": {
        "test_ppl": 24.39825739710789,
        "recovered_dloss": 0.20396879315376282
      }
    },
    "7": {
      "attn": {
        "test_ppl": 24.85189080467769,
        "recovered_dloss": 0.1855466663837433
      },
      "mlp": {
        "test_ppl": 24.687565047447553,
        "recovered_dloss": 0.1921808272600174
      }
    },
    "8": {
      "attn": {
        "test_ppl": 25.098544742506903,
        "recovered_dloss": 0.17567063868045807
      },
      "mlp": {
        "test_ppl": 24.733563325826285,
        "recovered_dloss": 0.19031934440135956
      }
    },
    "9": {
      "attn": {
        "test_ppl": 25.073054808129545,
        "recovered_dloss": 0.17668674886226654
      },
      "mlp": {
        "test_ppl": 24.8082718643281,
        "recovered_dloss": 0.187303364276886
      }
    },
    "10": {
      "attn": {
        "test_ppl": 25.15143239009549,
        "recovered_dloss": 0.17356565594673157
      },
      "mlp": {
        "test_ppl": 24.884657371573645,
        "recovered_dloss": 0.1842290610074997
      }
    },
    "11": {
      "attn": {
        "test_ppl": 24.972695518579012,
        "recovered_dloss": 0.1806974560022354
      },
      "mlp": {
        "test_ppl": 24.76010420785949,
        "recovered_dloss": 0.18924684822559357
      }
    },
    "12": {
      "attn": {
        "test_ppl": 25.06333702913903,
        "recovered_dloss": 0.1770744025707245
      },
      "mlp": {
        "test_ppl": 24.91002964248178,
        "recovered_dloss": 0.18320998549461365
      }
    },
    "13": {
      "attn": {
        "test_ppl": 25.670319974080666,
        "recovered_dloss": 0.15314504504203796
      },
      "mlp": {
        "test_ppl": 25.042033861068994,
        "recovered_dloss": 0.1779247373342514
      }
    },
    "14": {
      "attn": {
        "test_ppl": 25.25272823051861,
        "recovered_dloss": 0.16954630613327026
      },
      "mlp": {
        "test_ppl": 24.721649952320366,
        "recovered_dloss": 0.19080112874507904
      }
    },
    "15": {
      "attn": {
        "test_ppl": 25.191869366985276,
        "recovered_dloss": 0.17195920646190643
      },
      "mlp": {
        "test_ppl": 24.64343067605486,
        "recovered_dloss": 0.19397014379501343
      }
    },
    "16": {
      "attn": {
        "test_ppl": 24.75932978488653,
        "recovered_dloss": 0.18927812576293945
      },
      "mlp": {
        "test_ppl": 24.65040766079887,
        "recovered_dloss": 0.1936870664358139
      }
    },
    "17": {
      "attn": {
        "test_ppl": 24.868304080536134,
        "recovered_dloss": 0.18488644063472748
      },
      "mlp": {
        "test_ppl": 24.933345609258676,
        "recovered_dloss": 0.18227441608905792
      }
    },
    "18": {
      "attn": {
        "test_ppl": 24.89379433090565,
        "recovered_dloss": 0.18386195600032806
      },
      "mlp": {
        "test_ppl": 25.05998944231487,
        "recovered_dloss": 0.17720797657966614
      }
    },
    "19": {
      "attn": {
        "test_ppl": 25.21056950571344,
        "recovered_dloss": 0.1712171733379364
      },
      "mlp": {
        "test_ppl": 25.24211292329923,
        "recovered_dloss": 0.16996675729751587
      }
    },
    "20": {
      "attn": {
        "test_ppl": 24.704083671910134,
        "recovered_dloss": 0.19151194393634796
      },
      "mlp": {
        "test_ppl": 24.857681093748486,
        "recovered_dloss": 0.18531370162963867
      }
    },
    "21": {
      "attn": {
        "test_ppl": 23.645156564536144,
        "recovered_dloss": 0.23532220721244812
      },
      "mlp": {
        "test_ppl": 24.566789161257258,
        "recovered_dloss": 0.19708500802516937
      }
    },
    "22": {
      "attn": {
        "test_ppl": 24.382826511476853,
        "recovered_dloss": 0.20460145175457
      },
      "mlp": {
        "test_ppl": 24.75635886706384,
        "recovered_dloss": 0.1893981248140335
      }
    },
    "23": {
      "attn": {
        "test_ppl": 24.08290859147487,
        "recovered_dloss": 0.21697810292243958
      },
      "mlp": {
        "test_ppl": 24.75421897938888,
        "recovered_dloss": 0.18948456645011902
      }
    },
    "24": {
      "attn": {
        "test_ppl": 24.264710394790434,
        "recovered_dloss": 0.20945745706558228
      },
      "mlp": {
        "test_ppl": 24.385058564740444,
        "recovered_dloss": 0.2045099139213562
      }
    },
    "25": {
      "attn": {
        "test_ppl": 23.621707269246095,
        "recovered_dloss": 0.23631441593170166
      },
      "mlp": {
        "test_ppl": 24.5361591187895,
        "recovered_dloss": 0.19833259284496307
      }
    },
    "26": {
      "attn": {
        "test_ppl": 23.7301132559114,
        "recovered_dloss": 0.23173566162586212
      },
      "mlp": {
        "test_ppl": 24.434965518097453,
        "recovered_dloss": 0.20246538519859314
      }
    },
    "27": {
      "attn": {
        "test_ppl": 23.674193830373593,
        "recovered_dloss": 0.23409491777420044
      },
      "mlp": {
        "test_ppl": 24.406237441548697,
        "recovered_dloss": 0.20364177227020264
      }
    },
    "28": {
      "attn": {
        "test_ppl": 23.595785407561248,
        "recovered_dloss": 0.23741239309310913
      },
      "mlp": {
        "test_ppl": 24.55731443930295,
        "recovered_dloss": 0.1974707543849945
      }
    },
    "29": {
      "attn": {
        "test_ppl": 23.991657532362666,
        "recovered_dloss": 0.2207743376493454
      },
      "mlp": {
        "test_ppl": 24.49004989995265,
        "recovered_dloss": 0.20021359622478485
      }
    }
  },
  "pareto": {
    "c_causal": {
      "attn": {
        "1": {
          "layers": [
            0
          ],
          "test_ppl": 24.886505558691898,
          "test_loss": 3.214325711131096,
          "extra_mem_frac": 0.0019162735849056604
        },
        "2": {
          "layers": [
            0,
            1
          ],
          "test_ppl": 22.928253686579435,
          "test_loss": 3.1323699355125427,