{
  "config": {
    "model": "microsoft/bitnet-b1.58-2B-4T-bf16",
    "rank": 8,
    "alpha": 16,
    "grad_seeds": [
      0,
      1,
      2
    ],
    "n_grad_batches": 16,
    "report_budgets": [
      1,
      2,
      3,
      5,
      8
    ],
    "seeds_final": [
      0,
      1,
      2
    ],
    "seed": 0,
    "signal": "g_ell = ||dL/dB_ell|| at B=0 (one backward), full L2 norm summed over layer projections"
  },
  "extra_mem_frac_per_layer": 0.005188679245283019,
  "g_ell": {
    "0": 0.00429647001206624,
    "1": 0.0038274764101307326,
    "2": 0.0023908366875151905,
    "3": 0.002834221332626363,
    "4": 0.001429795278059061,
    "5": 0.0010903944026072923,
    "6": 0.0009194599704785076,
    "7": 0.000904347122844297,
    "8": 0.000724272533825877,
    "9": 0.0007278828320837044,
    "10": 0.0006674425028319512,
    "11": 0.0006158431624487696,
    "12": 0.0005379390369742595,
    "13": 0.0005634839692561589,
    "14": 0.0004761085687801001,
    "15": 0.000605440742699709,
    "16": 0.00046246187891091557,
    "17": 0.00041687751145773815,
    "18": 0.0004458872854387376,
    "19": 0.0007295911180465013,
    "20": 0.000479184814936727,
    "21": 0.00043459306338487617,
    "22": 0.0005550561637248198,
    "23": 0.000508320226649697,
    "24": 0.0005656845770297116,
    "25": 0.0005595479139293019,
    "26": 0.0006660016904392646,
    "27": 0.0006285733757335933,
    "28": 0.0009228339545811672,
    "29": 0.0012686140819373065
  },
  "g_ell_per_seed": {
    "0": [
      0.0039835908961671305,
      0.004159967210303162,
      0.0023741995976665677,
      0.0025291481711288946,
      0.0013587713046001205,
      0.0011476952382089651,
      0.0009107175405363014,
      0.0008897672587338662,
      0.0008006059681607545,
      0.0007809324511227403,
      0.0007293898113497324,
      0.0006661020152952018,
      0.0005781523321229221,
      0.0005745552130350589,
      0.0004470368531797507,
      0.0005653591047195223,
      0.00046867997552039846,
      0.0004319761917783576,
      0.0004354366878993624,
      0.0006671451257116029,
      0.0004466719823688907,
      0.00043635669409305755,
      0.0005384177978346194,
      0.0005423995328404585,
      0.0006050065435625473,
      0.0005480494621545775,
      0.0007220496138618076,
      0.0006108611913656179,
      0.000938406761134425,
      0.0013335107794450593
    ],
    "1": [
      0.004515856578293627,
      0.0039050897926753677,
      0.0026681878913095845,
      0.0029506815745214488,
      0.0013158760416201148,
      0.0008988652561947955,
      0.0008977103000508116,
      0.0009615060670511302,
      0.0007302022343301625,
      0.0006915949407639792,
      0.0006635246682358014,
      0.0005741863157008835,
      0.0005195279646145702,
      0.0005121656296052116,
      0.0005106216196795609,
      0.0005676301952511594,
      0.0004115054326369986,
      0.00040127291355181844,
      0.00045932979116520607,
      0.0006964781066105248,
      0.0005031576741639811,
      0.0004418759283247349,
      0.0006065803283259766,
      0.0004812692842571384,
      0.0005563317781404634,
      0.0005754174169237205,
      0.0006106123193206637,
      0.0006443763273565831,
      0.0010295114294684136,
      0.0012195072660231867
    ],
    "2": [
      0.004389962561737961,
      0.0034173722274136683,
      0.0021301225735694193,
      0.0030228342522287447,
      0.0016147384879569473,
      0.0012246227134181161,
      0.00094995207084841,
      0.0008617680427478949,
      0.0006420093989867144,
      0.0007111211043643933,
      0.0006094130289103195,
      0.0006072411563502238,
      0.0005161368141852861,
      0.000603731065128206,
      0.0004706672334809889,
      0.0006833329281284453,
      0.0005072002285753496,
      0.00041738342904303847,
      0.00044289537725164426,
      0.0008251501218173761,
      0.00048772478827730924,
      0.00042554656773683607,
      0.0005201703650138635,
      0.0005012918628514939,
      0.0005357154093861239,
      0.0005551768627096076,
      0.0006653431381353225,
      0.0006304826084785791,
      0.000800583673140663,
      0.0012528242003436735
    ]
  },
  "g_ell_seed_stability_spearman": 0.9595105672969967,
  "correlations": {
    "spearman_g_vs_c_causal": 0.7094549499443826,
    "spearman_g_vs_s_hawq": 0.5710789766407119,
    "spearman_g_vs_recovered": 0.20444938820912126,
    "greedy_layers": [
      28,
      10,
      29,
      26,
      1,
      0,
      27,
      18
    ],
    "spearman_greedyorder_vs_g": 0.3333333333333333,
    "spearman_greedyorder_vs_c": 0.09523809523809523,
    "spearman_greedyorder_vs_s": -0.23809523809523808,
    "topB_overlap_with_greedy": {
      "1": {
        "g_ell": 0,
        "c_causal": 0,
        "of": 1
      },
      "2": {
        "g_ell": 0,
        "c_causal": 0,
        "of": 2
      },
      "3": {
        "g_ell": 0,
        "c_causal": 0,
        "of": 3
      },
      "5": {
        "g_ell": 1,
        "c_causal": 2,
        "of": 5
      },
      "8": {
        "g_ell": 4,
        "c_causal": 4,
        "of": 8
      }
    }
  },
  "g_front": {
    "1": {
      "layers": [
        0
      ],
      "ppl_mean": 26.92710318405604,
      "ppl_sd": 1.2676240977269653,
      "ppl_seeds": [
        28.3218652093999,
        26.61423487940834,
        25.845209463359883
      ],
      "seq_ci_seed0": [
        27.327339086889154,
        29.352585203740293
      ]
    },
    "2": {
      "layers": [
        0,
        1
      ],
      "ppl_mean": 24.767334511414877,
      "ppl_sd": 0.32830197979499953,
      "ppl_seeds": [
        25.0867333168259,
        24.78446975538197,
        24.43080046203676
      ],
      "seq_ci_seed0": [
        24.203687612371816,
        26.001996001132106
      ]
    },
    "3": {
      "layers": [
        0,
        1,
        3
      ],
      "ppl_mean": 23.504929920906097,
      "ppl_sd": 0.36115069284994417,
      "ppl_seeds": [
        23.891846601032878,
        23.446198842099484,
        23.176744319585943
      ],
      "seq_ci_seed0": [
        23.049022716810185,
        24.76548967045678
      ]
    },
    "5": {
      "layers": [
        0,
        1,
        2,
        3,
        4
      ],
      "ppl_mean": 22.44760166277611,
      "ppl_sd": 0.2821979945838948,
      "ppl_seeds": [
        22.44003763716922,
        22.16926172094887,
        22.73350563021023
      ],
      "seq_ci_seed0": [
        21.643335399875536,
        23.266066890987
      ]
    },
    "8": {
      "layers": [
        0,
        1,
        2,
        3,
        4,
        5,
        28,
        29
      ],
      "ppl_mean": 20.10236666165633,
      "ppl_sd": 0.13103092647940967,
      "ppl_seeds": [
        20.056518832974803,
        20.250160853276935,
        20.000420298717252
      ],
      "seq_ci_seed0": [
        19.351482580674215,
        20.78724180540062
      ]
    }
  },
  "table": {
    "1": {
      "g_ell": 26.92710318405604,
      "greedy": 23.19300591071485,
      "c_causal": 25.237279643948625,
      "s_hawq": 25.59743424660559,
      "oracle": 24.679695419007533,
      "random_median": 25.005851832093875,
      "random_p05": 23.62641545121963
    },
    "2": {
      "g_ell": 24.767334511414877,
      "greedy": 20.545082844795623,
      "c_causal": 23.921465150629274,
      "s_hawq": 23.921465150629274,
      "oracle": 23.386355509666885,
      "random_median": 23.55472293541814,
      "random_p05": 21.345198795079273
    },
    "3": {
      "g_ell": 23.504929920906097,
      "greedy": 20.218820985427907,
      "c_causal": 22.66962449601419,
      "s_hawq": 22.99894833366946,
      "oracle": 22.822221182752035,
      "random_median": 22.75002891382728,
      "random_p05": 19.95651989792022
    },
    "5": {
      "g_ell": 22.44760166277611,
      "greedy": 19.15744927592308,
      "c_causal": 19.662022708957107,
      "s_hawq": 22.094284337093182,
      "oracle": 22.07842408208359,
      "random_median": 20.799334334427563,