{
  "config": {
    "model": "microsoft/bitnet-b1.58-2B-4T-bf16",
    "rank": 8,
    "alpha": 16,
    "report_budgets": [
      1,
      2,
      3,
      5,
      8
    ],
    "seeds_final": [
      0,
      1,
      2
    ],
    "seed": 0,
    "signal": "per-layer |EAP-IG| and |exact-patching| task-causal importance (reused from eap_ig_2b.json), |attn|+|mlp|"
  },
  "extra_mem_frac_per_layer": 0.005188679245283019,
  "eap_order": [
    0,
    19,
    4,
    3,
    21,
    16,
    18,
    1,
    15,
    29,
    10,
    17,
    23,
    20,
    22,
    8,
    2,
    14,
    11,
    6,
    24,
    7,
    28,
    9,
    27,
    25,
    13,
    5,
    26,
    12
  ],
  "exact_order": [
    0,
    19,
    21,
    18,
    29,
    16,
    23,
    15,
    10,
    20,
    17,
    22,
    1,
    24,
    28,
    3,
    4,
    25,
    27,
    26,
    8,
    11,
    13,
    7,
    14,
    9,
    6,
    2,
    5,
    12
  ],
  "c_eap": {
    "0": 0.9951209728497525,
    "1": 0.1724651745354109,
    "2": 0.10161926091234069,
    "3": 0.196229926701705,
    "4": 0.2069859486350961,
    "5": 0.05891284455454865,
    "6": 0.0900189362818141,
    "7": 0.08268041389467688,
    "8": 0.1076890923418567,
    "9": 0.07272001488866559,
    "10": 0.15388221134350508,
    "11": 0.09479124106112949,
    "12": 0.043911152718201556,
    "13": 0.06219732114203458,
    "14": 0.09722614275985209,
    "15": 0.16242561167315123,
    "16": 0.1758748053386261,
    "17": 0.15066683944824413,
    "18": 0.1728553019449431,
    "19": 0.4407402213665529,
    "20": 0.12437460438270719,
    "21": 0.1942673525812853,
    "22": 0.12311226137097711,
    "23": 0.12488123502162099,
    "24": 0.08527810382286528,
    "25": 0.06598146462783246,
    "26": 0.05430393873981295,
    "27": 0.06633142657214336,
    "28": 0.08187711363584971,
    "29": 0.16004521936063437
  },
  "c_exact": {
    "0": 1.007766198949869,
    "1": 0.10393104459325873,
    "2": 0.011812176474212283,
    "3": 0.07044238693249734,
    "4": 0.0632190041258505,
    "5": 0.010971894824517707,
    "6": 0.016042855552826522,
    "7": 0.02147511948831888,
    "8": 0.042886471018871386,
    "9": 0.019091068819839383,
    "10": 0.10786249452653035,
    "11": 0.03590684676840953,
    "12": 0.008916658762719045,
    "13": 0.03277664634352363,
    "14": 0.02041311388726301,
    "15": 0.11540785463626597,
    "16": 0.13249929993039036,
    "17": 0.10480327119030136,
    "18": 0.17432458288556885,
    "19": 0.4814776508849322,
    "20": 0.1055729913517544,
    "21": 0.17745728552883844,
    "22": 0.10394705908780602,
    "23": 0.13097269818205837,
    "24": 0.08684031173701588,
    "25": 0.058687555382744776,
    "26": 0.04501707365733855,
    "27": 0.05539793298922858,
    "28": 0.07502713539581823,
    "29": 0.15705849363857385
  },
  "correlations": {
    "spearman_eap_vs_exact": 0.768186874304783,
    "spearman_eap_vs_c_causal": 0.0896551724137931,
    "spearman_eap_vs_s_hawq": 0.10834260289210233,
    "spearman_eap_vs_recovered": -0.03670745272525028,
    "spearman_eap_vs_g_ell": 0.10433815350389321,
    "spearman_greedyorder_vs_eap": -0.38095238095238093,
    "spearman_greedyorder_vs_exact": -0.2619047619047619,
    "topB_overlap_with_greedy": {
      "1": {
        "eap_ig": 0,
        "exact": 0,
        "of": 1
      },
      "2": {
        "eap_ig": 0,
        "exact": 0,
        "of": 2
      },
      "3": {
        "eap_ig": 0,
        "exact": 0,
        "of": 3
      },
      "5": {
        "eap_ig": 0,
        "exact": 1,
        "of": 5
      },
      "8": {
        "eap_ig": 3,
        "exact": 3,
        "of": 8
      }
    }
  },
  "eap_front": {
    "1": {
      "layers": [
        0
      ],
      "ppl_mean": 26.966714025442922,
      "ppl_sd": 1.2244283436940753,
      "ppl_seeds": [
        28.331995709057523,
        26.602238568508437,
        25.965907798762796
      ],
      "seq_ci_seed0": [
        27.335229158558484,
        29.365108893068605
      ]
    },
    "2": {
      "layers": [
        0,
        19
      ],
      "ppl_mean": 22.642277574085636,
      "ppl_sd": 0.8526671904992632,
      "ppl_seeds": [
        23.54597981031392,
        22.52885375825502,
        21.851999153687967
      ],
      "seq_ci_seed0": [
        22.731298642776743,
        24.38985884354148
      ]
    },
    "3": {
      "layers": [
        0,
        4,
        19
      ],
      "ppl_mean": 21.270467714750918,
      "ppl_sd": 0.19909724718693875,
      "ppl_seeds": [
        21.35739456434307,
        21.042687969591164,
        21.41132061031851
      ],
      "seq_ci_seed0": [
        20.605851068604295,
        22.13634860595577
      ]
    },
    "5": {
      "layers": [
        0,
        3,
        4,
        19,
        21
      ],
      "ppl_mean": 20.932787293953943,
      "ppl_sd": 0.15110826654795362,
      "ppl_seeds": [
        21.091625102864406,
        20.915911343254667,
        20.790825435742754
      ],
      "seq_ci_seed0": [
        20.344772122932973,
        21.86589492336117
      ]
    },
    "8": {
      "layers": [
        0,
        1,
        3,
        4,
        16,
        18,
        19,
        21
      ],
      "ppl_mean": 20.480208500178872,
      "ppl_sd": 0.10663492128970078,
      "ppl_seeds": [
        20.592381531368726,
        20.468098282105693,
        20.380145687062203
      ],
      "seq_ci_seed0": [
        19.860651204527944,
        21.35107115907556
      ]
    }
  },
  "exact_front": {
    "1": {
      "layers": [
        0
      ],
      "ppl_mean": 24.999789601810736,
      "ppl_sd": 0.11343762331103394,
      "ppl_seeds": [
        25.11502810696013,
        24.99609770389633,
        24.888242994575755
      ],
      "seq_ci_seed0": [
        24.221299558380156,
        26.041733858791382
      ]
    },
    "2": {
      "layers": [
        0,
        19
      ],
      "ppl_mean": 21.04515048477841,
      "ppl_sd": 0.02162219993707275,
      "ppl_seeds": [
        21.069812113010695,
        21.036191999207674,
        21.02944734211686
      ],
      "seq_ci_seed0": [
        20.322338888976606,
        21.844778049556876
      ]
    },
    "3": {
      "layers": [
        0,
        19,
        21
      ],
      "ppl_mean": 20.68699412878108,
      "ppl_sd": 0.0518319688806446,
      "ppl_seeds": [
        20.737784777758595,
        20.689017511052054,
        20.63418009753259
      ],
      "seq_ci_seed0": [
        20.000743256507658,
        21.50198679985098
      ]
    },
    "5": {
      "layers": [
        0,
        18,
        19,
        21,
        29
      ],
      "ppl_mean": 20.076091710773422,
      "ppl_sd": 0.12690201626019296,
      "ppl_seeds": [
        20.208003121825808,
        20.065395904419493,
        19.954876106074966
      ],
      "seq_ci_seed0": [
        19.494304825348838,
        20.947830344825558
      ]
    },
    "8": {
      "layers": [
        0,
        15,
        16,
        18,
        19,
        21,
        23,
        29
      ],
      "ppl_mean": 19.677970388870392,
      "ppl_sd": 0.0952207928218692,
      "ppl_seeds": [
        19.771471296661392,
        19.681321677133425,
        19.581118192816366
      ],
      "seq_ci_seed0": [
        19.071949734003745,
        20.49664993284575
      ]
    }
  },
  "table": {
    "1": {
      "eap_ig": 26.966714025442922,
      "exact": 24.999789601810736,
      "greedy": 23.19300591071485,
      "c_causal": 25.237279643948625,
      "s_hawq": 25.59743424660559,
      "oracle": 24.679695419007533,
      "random_median": 25.005851832093875,
      "random_p05": 23.62641545121963,
      "g_ell": 26.92710318405604
    },
    "2": {
      "eap_ig": 22.642277574085636,
      "exact": 21.04515048477841,
      "greedy": 20.545082844795623,
      "c_causal": 23.921465150629274,
      "s_hawq": 23.921465150629274,
      "oracle": 23.386355509666885,
      "random_median": 23.55472293541814,
      "random_p05": 21.345198795079273,
      "g_ell": 24.767334511414877
    },