{
  "config": {
    "model": "microsoft/bitnet-b1.58-2B-4T-bf16",
    "seq_len": 128,
    "batch": 4,
    "n_train_seqs": 1024,
    "n_val_seqs": 32,
    "n_test_seqs": 64,
    "n_calib_seqs": 32,
    "rank": 8,
    "alpha": 16,
    "max_steps": 400,
    "eval_every": 40,
    "patience": 3,
    "lr": 0.0002,
    "wd": 0.01,
    "n_hutch": 8,
    "budgets": [
      1,
      2,
      3,
      5,
      8,
      11,
      15
    ],
    "seed": 0,
    "mechanism": "trained low-rank FP16 correction (LoRA) per layer; backbone frozen; early-stop on val",
    "calib_corpus": "Salesforce/wikitext wikitext-103-raw-v1 (streaming, train split)"
  },
  "extra_mem_frac_per_layer": 0.005188679245283019,
  "base": {
    "loss_ternary_held": 3.398106947541237,
    "ppl_ternary_held": 29.907430090651903,
    "loss_ternary_calib": 3.460737854242325
  },
  "s_l": {
    "0": {
      "trace": 0.1890869140625,
      "sem": 0.11706408518793791
    },
    "1": {
      "trace": 0.27606201171875,
      "sem": 0.05333291889861013
    },
    "2": {
      "trace": 0.06923675537109375,
      "sem": 0.022566345711564215
    },
    "3": {
      "trace": 0.1246795654296875,
      "sem": 0.0204679116582906
    },
    "4": {
      "trace": 0.068206787109375,
      "sem": 0.016053968416942267
    },
    "5": {
      "trace": 0.10009765625,
      "sem": 0.013079265772608196
    },
    "6": {
      "trace": 0.083251953125,
      "sem": 0.006585577397213824
    },
    "7": {
      "trace": 0.04895782470703125,
      "sem": 0.009236171850937194
    },
    "8": {
      "trace": 0.057098388671875,
      "sem": 0.012740600028339865
    },
    "9": {
      "trace": 0.090423583984375,
      "sem": 0.008447355755010922
    },
    "10": {
      "trace": 0.03106689453125,
      "sem": 0.00789526963213817
    },
    "11": {
      "trace": 0.04351806640625,
      "sem": 0.006103897082806378
    },
    "12": {
      "trace": 0.038295745849609375,
      "sem": 0.00868967177849884
    },
    "13": {
      "trace": 0.06451416015625,
      "sem": 0.007605400502467364
    },
    "14": {
      "trace": 0.041290283203125,
      "sem": 0.0023961400746163814
    },
    "15": {
      "trace": 0.055908203125,
      "sem": 0.004116367685539524
    },
    "16": {
      "trace": 0.02480316162109375,
      "sem": 0.0034821468929740183
    },
    "17": {
      "trace": 0.0193939208984375,
      "sem": 0.0030917550657678216
    },
    "18": {
      "trace": 0.02263927459716797,
      "sem": 0.003452906618034301
    },
    "19": {
      "trace": 0.04315185546875,
      "sem": 0.005608056497885644
    },
    "20": {
      "trace": 0.019134521484375,
      "sem": 0.00229924687223511
    },
    "21": {
      "trace": 0.038360595703125,
      "sem": 0.005759571370328428
    },
    "22": {
      "trace": 0.01801300048828125,
      "sem": 0.00198778856265733
    },
    "23": {
      "trace": 0.011198043823242188,
      "sem": 0.002565415020580344
    },
    "24": {
      "trace": 0.031341552734375,
      "sem": 0.003983610748408863
    },
    "25": {
      "trace": 0.02681732177734375,
      "sem": 0.0044438317003310515
    },
    "26": {
      "trace": 0.025423049926757812,
      "sem": 0.003740721040065934
    },
    "27": {
      "trace": 0.01847076416015625,
      "sem": 0.007025201314220014
    },
    "28": {
      "trace": 0.008607864379882812,
      "sem": 0.007308813840992284
    },
    "29": {
      "trace": -0.025115966796875,
      "sem": 0.005238311394128963
    }
  },
  "c_l": {
    "0": 9.595050662755966,
    "1": 1.8193516433238983,
    "2": 0.287832647562027,
    "3": 0.028367310762405396,
    "4": 0.055592477321624756,
    "5": 0.06010058522224426,
    "6": -0.022008389234542847,
    "7": 0.0015766322612762451,
    "8": 0.014867275953292847,
    "9": 0.03579181432723999,
    "10": 0.010379523038864136,
    "11": -0.019738465547561646,
    "12": -0.0030045807361602783,
    "13": 0.015311479568481445,
    "14": 0.007189542055130005,
    "15": -0.0017385780811309814,
    "16": -0.012179523706436157,
    "17": -0.04119250178337097,
    "18": -0.01766088604927063,
    "19": 0.06816643476486206,
    "20": 0.02606523036956787,
    "21": 0.0063537657260894775,
    "22": -0.0056441426277160645,
    "23": 0.009841084480285645,
    "24": 0.010754615068435669,
    "25": 0.03344327211380005,
    "26": 0.02033117413520813,
    "27": 0.054346293210983276,
    "28": 0.05489495396614075,
    "29": 0.1747053563594818
  },
  "recovered": {
    "0": 0.26111046969890594,
    "1": 0.27429816126823425,
    "2": 0.26835180819034576,
    "3": 0.2763008624315262,
    "4": 0.26862186193466187,
    "5": 0.2746697962284088,
    "6": 0.2429182529449463,
    "7": 0.23341810703277588,
    "8": 0.22827422618865967,
    "9": 0.2224459946155548,
    "10": 0.21856331825256348,
    "11": 0.22787898778915405,
    "12": 0.22541986405849457,
    "13": 0.20664799213409424,
    "14": 0.2190013974905014,
    "15": 0.23295016586780548,
    "16": 0.24513640999794006,
    "17": 0.24007581174373627,
    "18": 0.23942913115024567,
    "19": 0.2253885567188263,
    "20": 0.2520267814397812,
    "21": 0.2916329950094223,
    "22": 0.2703505903482437,
    "23": 0.27206505835056305,
    "24": 0.27009958028793335,
    "25": 0.29536591470241547,
    "26": 0.29982997477054596,
    "27": 0.2948104441165924,
    "28": 0.2938426285982132,
    "29": 0.29466259479522705
  },
  "val_loss": {
    "0": 3.5068604946136475,
    "1": 3.4819407165050507,
    "2": 3.497296690940857,
    "3": 3.4909087419509888,
    "4": 3.50887930393219,
    "5": 3.505858540534973,
    "6": 3.523472100496292,
    "7": 3.521432012319565,
    "8": 3.5241174697875977,
    "9": 3.523325264453888,
    "10": 3.5313588082790375,
    "11": 3.527178078889847,
    "12": 3.5296702086925507,
    "13": 3.5446503162384033,
    "14": 3.5328851640224457,
    "15": 3.5225636661052704,
    "16": 3.511063873767853,
    "17": 3.5204617381095886,
    "18": 3.5255274176597595,
    "19": 3.523267298936844,
    "20": 3.507342517375946,
    "21": 3.474259912967682,
    "22": 3.4857395589351654,
    "23": 3.4761994183063507,
    "24": 3.479880630970001,
    "25": 3.4578697979450226,
    "26": 3.461899369955063,
    "27": 3.4687940180301666,
    "28": 3.4588658809661865,
    "29": 3.4542582631111145
  },
  "rankings": {
    "s_hawq": [
      1,
      0,
      3,
      5,
      9,
      6,
      2,
      4,
      13,
      8,
      15,
      7,
      11,
      19,
      14,
      21,
      12,
      24,
      10,
      25,
      26,
      16,
      18,
      17,
      20,
      27,
      22,
      23,
      28,
      29
    ],
    "c_causal": [
      0,
      1,
      2,
      29,
      19,
      5,
      4,
      28,
      27,
      9,
      25,
      3,
      20,
      26,
      13,
      8,
      24,
      10,
      23,
      14,
      21,
      7,
      15,
      12,
      22,
      16,
      18,
      11,
      6,
      17
    ],
    "oracle": [
      26,
      25,
      27,
      29,
      28,
      21,
      3,
      5,
      1,
      23,
      22,
      24,
      4,
      2,
      0,
      20,
      16,
      6,
      17,
      18,
      7,
      15,
      8,
      11,
      12,
      19,
      9,
      14,
      10,
      13
    ],
    "random": [
      2,
      11,
      26,
      21,
      10,
      4,
      28,
      16,
      23,
      6,
      18,
      25,
      3,
      29,
      8,
      0,
      19,
      12,
      20,
      13,
      7,
      5,
      17,
      14,
      22,
      9,
      27,
      24,
      1,
      15
    ]
  },
  "spearman": {
    "s_vs_c": [
      0.2849833147942158,
      0.1268990831178082
    ],
    "s_vs_recovered": [
      -0.2765294771968854,
      0.13906619973692344
    ],
    "c_vs_recovered": [
      0.36774193548387096,
      0.04557613759427911
    ]
  },
  "pareto": {
    "s_hawq": {
      "1": {
        "loss": 3.1238087862730026,
        "ppl": 22.732799335689688,
        "extra_mem_frac": 0.00017295597484276727
      },