{
  "config": {
    "model": "microsoft/bitnet-b1.58-2B-4T-bf16",
    "seq_len": 128,
    "batch": 4,
    "n_train_seqs": 1024,
    "n_val_seqs": 32,
    "n_test_seqs": 512,
    "skip_seqs": 96,
    "n_score_seqs": 128,
    "max_budget": 8,
    "cand_steps": 200,
    "max_steps": 400,
    "rank": 8,
    "alpha": 16,
    "lr": 0.0002,
    "wd": 0.01,
    "seeds_final": [
      0,
      1,
      2
    ],
    "report_budgets": [
      1,
      2,
      3,
      5,
      8
    ],
    "seed": 0,
    "mechanism": "forward greedy joint per-allocation LoRA correction; candidates ranked on SCORE, path measured on TEST"
  },
  "extra_mem_frac_per_layer": 0.005188679245283019,
  "base": {
    "loss": 3.6178672313690186,
    "loss_sem": 0.01979398913681507,
    "ppl": 37.25802028704248,
    "ppl_lo": 35.84023025675972,
    "ppl_hi": 38.73189613361515
  },
  "cand_cache": {
    "0": 3.4518041610717773,
    "1": 3.4328998923301697,
    "2": 3.4378843307495117,
    "3": 3.4326618909835815,
    "4": 3.4313730001449585,
    "5": 3.439523160457611,
    "6": 3.4505772590637207,
    "7": 3.456560254096985,
    "8": 3.460995376110077,
    "9": 3.4538663625717163,
    "10": 3.4496591687202454,
    "11": 3.456462323665619,
    "12": 3.46221125125885,
    "13": 3.4692317247390747,
    "14": 3.465010344982147,
    "15": 3.4624378085136414,
    "16": 3.4689396023750305,
    "17": 3.4834383130073547,
    "18": 3.4695047736167908,
    "19": 3.478439688682556,
    "20": 3.4695772528648376,
    "21": 3.471216559410095,
    "22": 3.4562684297561646,
    "23": 3.4519035816192627,
    "24": 3.4326698780059814,
    "25": 3.426607608795166,
    "26": 3.413564682006836,
    "27": 3.4099467396736145,
    "28": 3.4065954089164734,
    "29": 3.411642611026764,
    "0,28": 3.2903226613998413,
    "1,28": 3.244480788707733,
    "2,28": 3.2247682213783264,
    "3,28": 3.2071441411972046,
    "4,28": 3.2021690607070923,
    "5,28": 3.1981360912323,
    "6,28": 3.200124204158783,
    "7,28": 3.1999565958976746,
    "8,28": 3.1922404766082764,
    "9,28": 3.184201657772064,
    "10,28": 3.1822078824043274,
    "11,28": 3.1827505826950073,
    "12,28": 3.1906856894493103,
    "13,28": 3.1953073740005493,
    "14,28": 3.194755434989929,
    "15,28": 3.193007469177246,
    "16,28": 3.199292778968811,
    "17,28": 3.201657712459564,
    "18,28": 3.1992193460464478,
    "19,28": 3.200849771499634,
    "20,28": 3.200292408466339,
    "21,28": 3.197855293750763,
    "22,28": 3.196590304374695,
    "23,28": 3.198371469974518,
    "24,28": 3.1963748931884766,
    "25,28": 3.1944093704223633,
    "26,28": 3.1944848895072937,
    "27,28": 3.194938540458679,
    "28,29": 3.1882124543190002,
    "0,10,28": 3.092455208301544,
    "1,10,28": 3.085336446762085,
    "2,10,28": 3.088782250881195,
    "3,10,28": 3.08638072013855,
    "4,10,28": 3.0863627791404724,
    "5,10,28": 3.0864585041999817,
    "6,10,28": 3.0872527956962585,
    "7,10,28": 3.088203728199005,
    "8,10,28": 3.0875505805015564,
    "9,10,28": 3.0876784920692444,
    "10,11,28": 3.0859277844429016,
    "10,12,28": 3.083731234073639,
    "10,13,28": 3.082356870174408,
    "10,14,28": 3.080161929130554,
    "10,15,28": 3.079195022583008,
    "10,16,28": 3.0770543217658997,
    "10,17,28": 3.0774051547050476,
    "10,18,28": 3.0741933584213257,
    "10,19,28": 3.074437916278839,
    "10,20,28": 3.0733965039253235,
    "10,21,28": 3.0720332264900208,
    "10,22,28": 3.0705114006996155,
    "10,23,28": 3.0706212520599365,
    "10,24,28": 3.0684748888015747,
    "10,25,28": 3.067859709262848,
    "10,26,28": 3.0679436326026917,
    "10,27,28": 3.0674063563346863,
    "10,28,29": 3.0624324679374695,
    "0,10,28,29": 3.0353559851646423,
    "1,10,28,29": 3.0308170914649963,
    "2,10,28,29": 3.03488826751709,
    "3,10,28,29": 3.0319804549217224,
    "4,10,28,29": 3.03485506772995,
    "5,10,28,29": 3.0347086787223816,
    "6,10,28,29": 3.037843704223633,
    "7,10,28,29": 3.038918137550354,
    "8,10,28,29": 3.0414754152297974,
    "9,10,28,29": 3.0415465235710144,
    "10,11,28,29": 3.0406972765922546,
    "10,12,28,29": 3.0396190881729126,
    "10,13,28,29": 3.038803994655609,
    "10,14,28,29": 3.036884129047394,
    "10,15,28,29": 3.036166250705719,
    "10,16,28,29": 3.0353617072105408,
    "10,17,28,29": 3.036071240901947,
    "10,18,28,29": 3.0342447757720947,
    "10,19,28,29": 3.0337536334991455,
    "10,20,28,29": 3.0328208208084106,
    "10,21,28,29": 3.0328806042671204,
    "10,22,28,29": 3.032622456550598,
    "10,23,28,29": 3.031964659690857,
    "10,24,28,29": 3.0310030579566956,
    "10,25,28,29": 3.0523595213890076,
    "10,26,28,29": 3.030715823173523,
    "10,27,28,29": 3.0310954451560974,
    "0,10,26,28,29": 3.0058807134628296,
    "1,10,26,28,29": 3.0041494369506836,
    "2,10,26,28,29": 3.0096280574798584,
    "3,10,26,28,29": 3.0082608461380005,
    "4,10,26,28,29": 3.010175406932831,
    "5,10,26,28,29": 3.011717438697815,
    "6,10,26,28,29": 3.015338182449341,
    "7,10,26,28,29": 3.0176560282707214,
    "8,10,26,28,29": 3.0189377069473267,
    "9,10,26,28,29": 3.0213504433631897,
    "10,11,26,28,29": 3.021171450614929,
    "10,12,26,28,29": 3.0208414793014526,
    "10,13,26,28,29": 3.0194275975227356,
    "10,14,26,28,29": 3.018970310688019,
    "10,15,26,28,29": 3.0190433859825134,
    "10,16,26,28,29": 3.018509089946747,
    "10,17,26,28,29": 3.018758177757263,
    "10,18,26,28,29": 3.0178036093711853,
    "10,19,26,28,29": 3.0181382298469543,
    "10,20,26,28,29": 3.01737117767334,
    "10,21,26,28,29": 3.017336070537567,
    "10,22,26,28,29": 3.0167399644851685,
    "10,23,26,28,29": 3.017061948776245,
    "10,24,26,28,29": 3.0155136585235596,
    "10,25,26,28,29": 3.0159042477607727,
    "10,26,27,28,29": 3.0160889625549316,
    "0,1,10,26,28,29": 2.9727169275283813,
    "1,2,10,26,28,29": 2.9838201999664307,
    "1,3,10,26,28,29": 2.980506122112274,
    "1,4,10,26,28,29": 2.9770805835723877,
    "1,5,10,26,28,29": 2.979969561100006,
    "1,6,10,26,28,29": 2.979783773422241,
    "1,7,10,26,28,29": 2.976328134536743,
    "1,8,10,26,28,29": 2.974644958972931,
    "1,9,10,26,28,29": 2.979943871498108,
    "1,10,11,26,28,29": 2.9748415350914,
    "1,10,12,26,28,29": 2.9758848547935486,
    "1,10,13,26,28,29": 2.9912503361701965,
    "1,10,14,26,28,29": 2.9744964241981506,
    "1,10,15,26,28,29": 2.986009657382965,
    "1,10,16,26,28,29": 2.986068367958069,
    "1,10,17,26,28,29": 2.985103964805603,
    "1,10,18,26,28,29": 2.9851443767547607,
    "1,10,19,26,28,29": 2.9818931818008423,
    "1,10,20,26,28,29": 2.984791100025177,
    "1,10,21,26,28,29": 2.9817930459976196,
    "1,10,22,26,28,29": 2.9813186526298523,
    "1,10,23,26,28,29": 2.9826133251190186,
    "1,10,24,26,28,29": 2.981275260448456,
    "1,10,25,26,28,29": 2.981840491294861,
    "1,10,26,27,28,29": 2.982201397418976,
    "0,1,2,10,26,28,29": 2.969594955444336,
    "0,1,3,10,26,28,29": 2.9564319252967834,
    "0,1,4,10,26,28,29": 2.9565091133117676,
    "0,1,5,10,26,28,29": 2.9631890058517456,
    "0,1,6,10,26,28,29": 2.9687488675117493,
    "0,1,7,10,26,28,29": 2.964733362197876,
    "0,1,8,10,26,28,29": 2.965044617652893,
    "0,1,9,10,26,28,29": 2.9683074355125427,
    "0,1,10,11,26,28,29": 2.9676676988601685,
    "0,1,10,12,26,28,29": 2.9671987891197205,
    "0,1,10,13,26,28,29": 2.9526306986808777,
    "0,1,10,14,26,28,29": 2.9623037576675415,
    "0,1,10,15,26,28,29": 2.965344727039337,
    "0,1,10,16,26,28,29": 2.9546905159950256,
    "0,1,10,17,26,28,29": 2.9538896679878235,
    "0,1,10,18,26,28,29": 2.963042974472046,
    "0,1,10,19,26,28,29": 2.953018546104431,
    "0,1,10,20,26,28,29": 2.955013155937195,
    "0,1,10,21,26,28,29": 2.962002217769623,
    "0,1,10,22,26,28,29": 2.961155593395233,
    "0,1,10,23,26,28,29": 2.96096134185791,
    "0,1,10,24,26,28,29": 2.949056327342987,
    "0,1,10,25,26,28,29": 2.94976407289505,
    "0,1,10,26,27,28,29": 2.9487637281417847,
    "0,1,2,10,26,27,28,29": 2.9521734714508057,