{
  "mode": "fp16",
  "wall_s": 2013,
  "coherence_sample": " Paris.\n",
  "wikitext2_ppl_maxlen128": null,
  "mmlu_acc": 0.5645207235436548,
  "gsm8k_strict": 0.5784685367702805,
  "gsm8k_flexible": 0.5822592873388931,
  "mmlu_subgroups": {
    "mmlu_stem": 0.4938154138915319,
    "mmlu_humanities": 0.5151965993623805,
    "mmlu_social_sciences": 0.6724081897952551,
    "mmlu_other": 0.6041197296427422
  }
}