{
  "config": {
    "steps": 1500,
    "guided_order": [
      0,
      2,
      3,
      7,
      1,
      4,
      5,
      6
    ]
  },
  "seed0": {
    "full_ternary_k0": 3.0140319943428038,
    "full_fp_k8": 2.872271955013275,
    "pareto": {
      "1": {
        "guided_layers": [
          0
        ],
        "guided": 2.9226335167884825,
        "reverse_layers": [
          6
        ],
        "reverse": 2.998362147808075,
        "random_layers": [
          6
        ],
        "random": 2.998362147808075
      },
      "2": {
        "guided_layers": [
          0,
          2
        ],
        "guided": 2.887195038795471,
        "reverse_layers": [
          5,
          6
        ],
        "reverse": 3.0084324955940245
      },
      "3": {
        "guided_layers": [
          0,
          2,
          3
        ],
        "guided": 2.8752713322639467,
        "reverse_layers": [
          4,
          5,
          6
        ],
        "reverse": 2.9976767778396605
      }
    }
  },
  "headline": {
    "0": {
      "guided_L0": 2.9226335167884825,
      "reverse_L6": 2.998362147808075,
      "gap": 0.07572863101959237
    },
    "1": {
      "guided_L0": 2.9128775238990783,
      "reverse_L6": 2.975317680835724,
      "gap": 0.06244015693664551
    },
    "2": {
      "guided_L0": 2.9130350828170775,
      "reverse_L6": 2.9970152020454406,
      "gap": 0.08398011922836313
    }
  },
  "headline_summary": {
    "gap_mean": 0.07404963572820034,
    "gap_std": 0.008873434614005322,
    "n": 3
  }
}