{
  "n_letters_scored": 26,
  "n_gt_feats": 26,
  "mean_absorption_fraction": 0.2952984555918614,
  "mean_full_absorption_rate": 0.27061927315765444,
  "mean_num_split_features": 2,
  "per_letter_absorption_fraction": [
    0.317134563909866,
    0.12853191499133187,
    0.5963187990993013,
    0.24677884268137965,
    0.298703583788014,
    0.41500865435530704,
    0.5125964102214335,
    0.2011305092542082,
    0.4392314900452699,
    0.01356278165915276,
    0.022675327654858992,
    0.6777388138641921,
    0.3993163682052767,
    0.357894819559268,
    0.47392430502073357,
    0.6292393210069921,
    0.024692185510721856,
    0.2952195196624576,
    0.5123554078956974,
    0.532274614365195,
    0.132323430455098,
    0.009987515605493134,
    0.3089252846311512,
    0.030969537962764686,
    0.09136625420659927,
    0.009859589776632304
  ],
  "mode": "gemma_shim",
  "model": "google/gemma-2-2b",
  "layer": 13,
  "dtype": "bfloat16",
  "wall_s": 2508.2866463661194
}