{
  "n_letters_scored": 26,
  "n_gt_feats": 26,
  "mean_absorption_fraction": 0.3039723197916936,
  "mean_full_absorption_rate": 0.2886467275230393,
  "mean_num_split_features": 1.8846153846153846,
  "per_letter_absorption_fraction": [
    0.29448795137090367,
    0.13664382892424515,
    0.8443578637577913,
    0.2541538882245548,
    0.3223906405388502,
    0.40838192305450777,
    0.5652150666130986,
    0.20140756456962366,
    0.4205466032869599,
    0.010880383962810661,
    0.014124014573218715,
    0.6773912252520152,
    0.4215126323521494,
    0.3841284049607135,
    0.4256583309438366,
    0.6057055818073297,
    0.05560342720431941,
    0.31105644578834474,
    0.5179174119591754,
    0.4542855456184032,
    0.14682527405925672,
    0.003926891704324411,
    0.28888500004148937,
    0.023323398873157652,
    0.10627429383147749,
    0.00819672131147541
  ],
  "mode": "gemma_official",
  "model": "google/gemma-2-2b",
  "layer": 13,
  "dtype": "bfloat16",
  "wall_s": 3568.7067699432373
}