{
  "n_letters_scored": 26,
  "n_gt_feats": 26,
  "mean_absorption_fraction": 0.16199570419162165,
  "mean_full_absorption_rate": 0.20597752527597082,
  "mean_num_split_features": 1.9615384615384615,
  "per_letter_absorption_fraction": [
    0.37471372591599045,
    0.20626123784225314,
    0.23477398196842453,
    0.17054561943214933,
    0.10808184952970092,
    0.05837042779890268,
    0.043078072849269795,
    0.021435665701861804,
    0.24365841146653,
    0.005841067296626468,
    0.023469544286608197,
    0.11282045894353349,
    0.33303164496073645,
    0.1506502805933895,
    0.16237822401252125,
    0.3194543436094471,
    0.19854060097327858,
    0.27822284041340734,
    0.5906460465739398,
    0.07479834770273272,
    0.17463570944589357,
    0.0,
    0.09102821237252501,
    0.14285162004492588,
    0.03235754516560498,
    0.06024283008191003
  ],
  "mode": "gemma_L20",
  "model": "google/gemma-2-2b",
  "layer": 20,
  "dtype": "bfloat16",
  "wall_s": 3188.372536420822
}