{
  "n_letters_scored": 26,
  "n_gt_feats": 26,
  "mean_absorption_fraction": 0.6478843536564727,
  "mean_full_absorption_rate": 0.6079413423479549,
  "mean_num_split_features": 1.7692307692307692,
  "per_letter_absorption_fraction": [
    0.7959340741304086,
    0.9841142257909475,
    0.9316317228805834,
    0.9755047445355153,
    0.8708808450867863,
    0.035719454590714426,
    0.9032551735169788,
    0.9730282390739641,
    0.3880700292413064,
    0.0,
    0.0,
    0.9687369789314829,
    0.9384365900115592,
    0.017407308219335855,
    0.8442105263157895,
    0.8942131756405056,
    0.9891304347826086,
    0.8779580647105916,
    0.9018018018018018,
    0.24471724472318415,
    0.6160102087005214,
    0.004684755457076106,
    0.9129007170114706,
    0.9127433605474409,
    0.7975982248499478,
    0.06630529451776974
  ],
  "mode": "ternary_L23",
  "model": "microsoft/bitnet-b1.58-2B-4T-bf16",
  "layer": 23,
  "dtype": "bfloat16",
  "wall_s": 2220.915202856064
}