{
  "n_letters_scored": 26,
  "n_gt_feats": 26,
  "mean_absorption_fraction": 0.2142418094121209,
  "mean_full_absorption_rate": 0.2340007317940975,
  "mean_num_split_features": 1.3076923076923077,
  "per_letter_absorption_fraction": [
    0.4536400082750362,
    0.017708300456401007,
    0.5470715738585692,
    0.16098126853207706,
    0.024498629752463186,
    0.11320310870253167,
    0.08211881195222394,
    0.14741441569537128,
    0.009047616807844858,
    0.011680692755118008,
    0.0,
    0.23208231523601106,
    0.05136876305290123,
    0.24670761464024246,
    0.047834613962523045,
    0.568488861053226,
    0.003649173219661921,
    0.2476214612763147,
    0.22261901825383484,
    0.45676007890634635,
    0.16522810313552258,
    0.00870690783537363,
    0.22380863504183218,
    0.0,
    0.6889773596833145,
    0.8390697126304023
  ],
  "mode": "ternary_L6",
  "model": "microsoft/bitnet-b1.58-2B-4T-bf16",
  "layer": 6,
  "dtype": "bfloat16",
  "wall_s": 1380.0496110916138
}