{
  "n_letters_scored": 26,
  "n_gt_feats": 26,
  "mean_absorption_fraction": 0.16866810284071942,
  "mean_full_absorption_rate": 0.15590217971645434,
  "mean_num_split_features": 1.3461538461538463,
  "per_letter_absorption_fraction": [
    0.09205921834075946,
    0.16648365316024866,
    0.26542337901621177,
    0.20305980994901338,
    0.06471077785999028,
    0.20342828312655492,
    0.07111989926479717,
    0.11080391099512643,
    0.2913726128548279,
    0.031116398640629227,
    0.025774613987112484,
    0.15002872978773682,
    0.07721620352420402,
    0.1226870021309829,
    0.262940414822773,
    0.411130597884492,
    0.04763591776405895,
    0.47507899279080607,
    0.15777902362030635,
    0.02852866137920229,
    0.30666495854673487,
    0.072590437788924,
    0.509547468799863,
    0.009708737864077669,
    0.22705267383525704,
    0.00142829612401458
  ],
  "mode": "gemma_L5",
  "model": "google/gemma-2-2b",
  "layer": 5,
  "dtype": "bfloat16",
  "wall_s": 2094.9996519088745
}