{
  "n_letters_scored": 26,
  "n_gt_feats": 26,
  "mean_absorption_fraction": 0.0964617392933758,
  "mean_full_absorption_rate": 0.1104028421763626,
  "mean_num_split_features": 1.4615384615384615,
  "per_letter_absorption_fraction": [
    0.006822569856017476,
    0.013814625550055897,
    0.13458194215316885,
    0.08369011927228508,
    0.048629356411942284,
    0.18209805247430258,
    0.008439839394539841,
    0.0010057606692020185,
    0.06213084655682729,
    0.003030277976944103,
    0.0,
    0.04087991369445351,
    0.07552676124533814,
    0.0741818961927933,
    0.052576537228634895,
    0.2404793992861657,
    0.0,
    0.02729475886655441,
    0.32514083100134156,
    0.06901370909937352,
    0.6671948973321905,
    0.02991377267081392,
    0.019431203329007277,
    0.10797241528864532,
    0.21424213615647117,
    0.019913599920702192
  ],
  "mode": "ternary",
  "model": "microsoft/bitnet-b1.58-2B-4T-bf16",
  "layer": 15,
  "dtype": "bfloat16",
  "wall_s": 1599.6194257736206
}