{
  "config": {
    "steps": 2000,
    "seeds": [
      0,
      1,
      2
    ],
    "tau0": 1.0,
    "tau_min": 0.02,
    "n_hutch": 40
  },
  "rows": [
    {
      "seed": 0,
      "fp_val": 2.7289392828941343,
      "ste": {
        "val": 2.8623613595962523,
        "train": 2.792080354690552,
        "tax": 0.13342207670211792,
        "gap": 0.07028100490570033,
        "lambda_max": 128.333740234375,
        "trace": 7320.944738769531,
        "trace_sd": 680.1067383988078
      },
      "soft": {
        "val": 2.906401312351227,
        "train": 2.841940140724182,
        "tax": 0.17746202945709255,
        "gap": 0.06446117162704468,
        "lambda_max": 106.2492446899414,
        "trace": 9000.56923828125,
        "trace_sd": 733.6756053135698
      },
      "soft_hist": {}
    },
    {
      "seed": 1,
      "fp_val": 2.723237955570221,
      "ste": {
        "val": 2.825081264972687,
        "train": 2.7480323195457457,
        "tax": 0.101843309402466,
        "gap": 0.07704894542694118,
        "lambda_max": 134.6888427734375,
        "trace": 6040.65146484375,
        "trace_sd": 550.2898564323649
      },
      "soft": {
        "val": 2.8849367618560793,
        "train": 2.808216965198517,
        "tax": 0.16169880628585842,
        "gap": 0.07671979665756234,
        "lambda_max": 166.94544982910156,
        "trace": 7589.662365722656,
        "trace_sd": 638.8328274412695
      },
      "soft_hist": {}
    },
    {
      "seed": 2,
      "fp_val": 2.7270857214927675,
      "ste": {
        "val": 2.8441147923469545,
        "train": 2.759009039402008,
        "tax": 0.11702907085418701,
        "gap": 0.08510575294494638,
        "lambda_max": 113.14627838134766,
        "trace": 6741.697082519531,
        "trace_sd": 478.12042977450955
      },
      "soft": {
        "val": 2.9143325209617617,
        "train": 2.837626576423645,
        "tax": 0.18724679946899414,
        "gap": 0.07670594453811663,
        "lambda_max": 83.74132537841797,
        "trace": 8280.027160644531,
        "trace_sd": 723.3051535937519
      },
      "soft_hist": {}
    }
  ],
  "summary": {
    "ste": {
      "tax": {
        "mean": 0.11743148565292365,
        "std": 0.012895117662486917
      },
      "trace": {
        "mean": 6701.097762044271,
        "std": 523.4653413755863
      },
      "gap": {
        "mean": 0.07747856775919597,
        "std": 0.006059797582871418
      },
      "lambda_max": {
        "mean": 125.38962046305339,
        "std": 9.037750496952563
      },
      "val": {
        "mean": 2.8438524723052985,
        "std": 0.015220665176850598
      }
    },
    "soft": {
      "tax": {
        "mean": 0.17546921173731503,
        "std": 0.010524684659395794
      },
      "trace": {
        "mean": 8290.086254882814,
        "std": 576.0442342916264
      },
      "gap": {
        "mean": 0.07262897094090788,
        "std": 0.005775509050808796
      },
      "lambda_max": {
        "mean": 118.97867329915364,
        "std": 35.140293547806195
      },
      "val": {
        "mean": 2.901890198389689,
        "std": 0.012417468212973523
      }
    },
    "paired": {
      "dtax_mean": 0.058037726084391394,
      "dtax_std": 0.010764051444512977,
      "trace_ratio_mean": 1.2380132726993691,
      "trace_ratio_std": 0.013033298829999396,
      "dgap_mean": -0.004849596818288078,
      "dgap_std": 0.0033655020267081247,
      "dtax_per_seed": [
        0.04403995275497463,
        0.05985549688339242,
        0.07021772861480713
      ],
      "trace_ratio_per_seed": [
        1.229427288341207,
        1.2564311001709108,
        1.2281814295859894
      ]
    }
  }
}