{
  "meta": {
    "scale": "1.1B",
    "ckpt_tokens": [
      0.0,
      16000000.0
    ],
    "lr": 0.0002,
    "kd_alpha": 0.5,
    "batch": 12,
    "seq": 512
  },
  "ref": {
    "fp": {
      "arc_easy": 0.5066666666666667,
      "hellaswag": 0.52
    },
    "trilm": {
      "arc_easy": 0.49333333333333335,
      "hellaswag": 0.4866666666666667
    }
  },
  "curve": [
    {
      "tokens": 0,
      "acc": {
        "arc_easy": 0.20666666666666667,
        "hellaswag": 0.23333333333333334
      }
    },
    {
      "tokens": 16005120,
      "acc": {
        "arc_easy": 0.35333333333333333,
        "hellaswag": 0.38666666666666666
      }
    }
  ],
  "headline": {
    "arc_easy": {
      "fp": 0.5066666666666667,
      "ptq": 0.20666666666666667,
      "trilm": 0.49333333333333335,
      "chance": 0.25,
      "curve": [
        {
          "tokens": 0,
          "acc": 0.20666666666666667,
          "gap_recovered": 0.0
        },
        {
          "tokens": 16005120,
          "acc": 0.35333333333333333,
          "gap_recovered": 0.4888888888888888
        }
      ]
    },
    "hellaswag": {
      "fp": 0.52,
      "ptq": 0.23333333333333334,
      "trilm": 0.4866666666666667,
      "chance": 0.25,
      "curve": [
        {
          "tokens": 0,
          "acc": 0.23333333333333334,
          "gap_recovered": 0.0
        },
        {
          "tokens": 16005120,
          "acc": 0.38666666666666666,
          "gap_recovered": 0.5348837209302325
        }
      ]
    }
  }
}